Datetime,Open,High,Low,Close,Volume
2025-04-15 03:45:00,1914.6666259765625,1944.8333740234375,1912.6666259765625,1940.0,258491
2025-04-15 04:00:00,1940.6666259765625,1961.6666259765625,1935.6666259765625,1961.0,291611
2025-04-15 04:15:00,1961.0,1966.6666259765625,1953.3333740234375,1955.5,265461
2025-04-15 04:30:00,1956.1666259765625,1963.3333740234375,1952.5,1959.3333740234375,113516
2025-04-15 04:45:00,1959.3333740234375,1966.5,1957.3333740234375,1961.5,111724
2025-04-15 05:00:00,1960.3333740234375,1975.0,1960.0,1973.8333740234375,159128
2025-04-15 05:15:00,1974.1666259765625,1983.3333740234375,1971.8333740234375,1976.5,191025
2025-04-15 05:30:00,1977.1666259765625,1977.3333740234375,1970.0,1970.1666259765625,80278
2025-04-15 05:45:00,1970.3333740234375,1978.3333740234375,1969.0,1978.0,50964
2025-04-15 06:00:00,1977.8333740234375,1978.0,1971.6666259765625,1972.6666259765625,40470
2025-04-15 06:15:00,1972.6666259765625,1975.0,1969.1666259765625,1973.8333740234375,33005
2025-04-15 06:30:00,1972.8333740234375,1977.6666259765625,1971.6666259765625,1977.3333740234375,34509
2025-04-15 06:45:00,1977.3333740234375,1981.3333740234375,1975.3333740234375,1978.3333740234375,59789
2025-04-15 07:00:00,1978.3333740234375,1979.6666259765625,1976.0,1976.0,20499
2025-04-15 07:15:00,1976.1666259765625,1977.5,1973.6666259765625,1975.0,19853
2025-04-15 07:30:00,1975.0,1978.5,1972.6666259765625,1974.5,30620
2025-04-15 07:45:00,1974.0,1976.6666259765625,1973.6666259765625,1975.0,30967
2025-04-15 08:00:00,1975.5,1975.6666259765625,1970.6666259765625,1971.5,31903
2025-04-15 08:15:00,1971.5,1976.6666259765625,1971.3333740234375,1973.3333740234375,27751
2025-04-15 08:30:00,1973.8333740234375,1976.3333740234375,1972.6666259765625,1976.3333740234375,38417
2025-04-15 08:45:00,1976.3333740234375,1977.6666259765625,1973.5,1975.3333740234375,42368
2025-04-15 09:00:00,1974.3333740234375,1975.1666259765625,1972.0,1973.6666259765625,33263
2025-04-15 09:15:00,1973.6666259765625,1983.0,1973.5,1976.6666259765625,92887
2025-04-15 09:30:00,1976.5,1988.0,1974.1666259765625,1985.1666259765625,157068
2025-04-15 09:45:00,1986.1666259765625,1991.6666259765625,1985.0,1987.8333740234375,221271
2025-04-16 03:45:00,1993.5,1999.0,1973.5,1984.6666259765625,175005
2025-04-16 04:00:00,1984.1666259765625,1991.3333740234375,1977.3333740234375,1983.0,141375
2025-04-16 04:15:00,1983.0,1983.0,1973.3333740234375,1981.5,118622
2025-04-16 04:30:00,1981.6666259765625,1981.6666259765625,1973.6666259765625,1973.6666259765625,62842
2025-04-16 04:45:00,1973.8333740234375,1974.8333740234375,1960.6666259765625,1968.3333740234375,160524
2025-04-16 05:00:00,1968.0,1968.3333740234375,1960.1666259765625,1965.0,73806
2025-04-16 05:15:00,1963.8333740234375,1970.3333740234375,1963.3333740234375,1965.3333740234375,63789
2025-04-16 05:30:00,1965.1666259765625,1969.0,1963.6666259765625,1968.1666259765625,46274
2025-04-16 05:45:00,1968.1666259765625,1973.3333740234375,1965.5,1971.3333740234375,49088
2025-04-16 06:00:00,1971.3333740234375,1971.3333740234375,1963.3333740234375,1966.0,45428
2025-04-16 06:15:00,1965.8333740234375,1968.1666259765625,1963.6666259765625,1964.1666259765625,33731
2025-04-16 06:30:00,1964.1666259765625,1969.1666259765625,1963.3333740234375,1967.3333740234375,33825
2025-04-16 06:45:00,1967.1666259765625,1971.0,1964.8333740234375,1969.3333740234375,36628
2025-04-16 07:00:00,1969.6666259765625,1970.8333740234375,1967.8333740234375,1969.1666259765625,27825
2025-04-16 07:15:00,1969.0,1969.1666259765625,1964.5,1967.6666259765625,26006
2025-04-16 07:30:00,1967.6666259765625,1968.0,1965.0,1967.6666259765625,24603
2025-04-16 07:45:00,1967.6666259765625,1967.6666259765625,1960.3333740234375,1961.6666259765625,62315
2025-04-16 08:00:00,1962.8333740234375,1963.1666259765625,1954.1666259765625,1959.1666259765625,69985
2025-04-16 08:15:00,1958.6666259765625,1970.0,1958.6666259765625,1969.0,79879
2025-04-16 08:30:00,1969.0,1983.0,1968.5,1982.8333740234375,137891
2025-04-16 08:45:00,1982.5,1989.3333740234375,1980.0,1980.8333740234375,153999
2025-04-16 09:00:00,1981.0,1983.3333740234375,1974.5,1979.1666259765625,79035
2025-04-16 09:15:00,1979.3333740234375,1980.0,1976.8333740234375,1979.6666259765625,39704
2025-04-16 09:30:00,1979.5,1981.8333740234375,1976.6666259765625,1978.0,86121
2025-04-16 09:45:00,1977.6666259765625,1978.3333740234375,1973.0,1976.8333740234375,179591
2025-04-17 03:45:00,1969.0,2013.3333740234375,1969.0,1993.3333740234375,347827
2025-04-17 04:00:00,1994.0,1996.6666259765625,1967.6666259765625,1970.5,318223
2025-04-17 04:15:00,1971.1666259765625,1982.3333740234375,1968.3333740234375,1970.1666259765625,157548
2025-04-17 04:30:00,1970.0,1970.3333740234375,1959.8333740234375,1963.0,141797
2025-04-17 04:45:00,1962.6666259765625,1969.1666259765625,1955.3333740234375,1964.5,129145
2025-04-17 05:00:00,1964.5,1975.0,1961.6666259765625,1972.0,81569
2025-04-17 05:15:00,1972.0,1972.8333740234375,1964.0,1968.1666259765625,44573
2025-04-17 05:30:00,1968.3333740234375,1973.3333740234375,1967.5,1970.6666259765625,31188
2025-04-17 05:45:00,1971.0,1976.8333740234375,1971.0,1973.6666259765625,50240
2025-04-17 06:00:00,1973.6666259765625,1981.5,1973.3333740234375,1978.3333740234375,74403
2025-04-17 06:15:00,1978.3333740234375,1980.0,1968.3333740234375,1970.0,63826
2025-04-17 06:30:00,1970.3333740234375,1972.6666259765625,1965.8333740234375,1971.1666259765625,35528
2025-04-17 06:45:00,1971.0,1979.0,1970.0,1979.0,49046
2025-04-17 07:00:00,1979.0,1986.5,1975.6666259765625,1985.0,94148
2025-04-17 07:15:00,1984.1666259765625,1989.8333740234375,1979.1666259765625,1981.6666259765625,84129
2025-04-17 07:30:00,1981.3333740234375,1988.3333740234375,1980.6666259765625,1986.6666259765625,55954
2025-04-17 07:45:00,1986.6666259765625,1986.6666259765625,1980.3333740234375,1982.5,44739
2025-04-17 08:00:00,1982.6666259765625,1986.6666259765625,1976.3333740234375,1986.3333740234375,52258
2025-04-17 08:15:00,1986.3333740234375,1987.3333740234375,1982.0,1982.3333740234375,43957
2025-04-17 08:30:00,1982.6666259765625,1986.1666259765625,1980.0,1980.3333740234375,51188
2025-04-17 08:45:00,1980.5,1982.0,1976.1666259765625,1978.8333740234375,75083
2025-04-17 09:00:00,1978.8333740234375,1981.0,1977.0,1979.5,34017
2025-04-17 09:15:00,1979.5,1984.5,1977.5,1978.3333740234375,56562
2025-04-17 09:30:00,1978.3333740234375,1980.0,1976.8333740234375,1977.0,60449
2025-04-17 09:45:00,1976.6666259765625,1979.0,1973.8333740234375,1977.0,177864
2025-04-21 03:45:00,1994.8333740234375,2021.0,1993.0,2015.6666259765625,270528
2025-04-21 04:00:00,2015.5,2029.1666259765625,2014.6666259765625,2018.0,278013
2025-04-21 04:15:00,2018.3333740234375,2026.6666259765625,2010.6666259765625,2025.8333740234375,157018
2025-04-21 04:30:00,2025.0,2026.5,2016.8333740234375,2021.0,86232
2025-04-21 04:45:00,2020.1666259765625,2039.8333740234375,2020.1666259765625,2038.1666259765625,254187
2025-04-21 05:00:00,2038.1666259765625,2038.3333740234375,2026.1666259765625,2029.8333740234375,108873
2025-04-21 05:15:00,2030.0,2044.3333740234375,2027.0,2044.0,127531
2025-04-21 05:30:00,2044.3333740234375,2064.333251953125,2039.6666259765625,2062.833251953125,319117
2025-04-21 05:45:00,2061.666748046875,2089.666748046875,2058.5,2086.5,389428
2025-04-21 06:00:00,2087.5,2092.5,2077.5,2091.333251953125,203245
2025-04-21 06:15:00,2091.166748046875,2104.333251953125,2088.0,2095.666748046875,276578
2025-04-21 06:30:00,2095.333251953125,2095.333251953125,2083.5,2085.0,154900
2025-04-21 06:45:00,2084.333251953125,2092.0,2081.833251953125,2083.166748046875,104413
2025-04-21 07:00:00,2083.166748046875,2087.333251953125,2082.333251953125,2085.333251953125,54250
2025-04-21 07:15:00,2086.333251953125,2092.666748046875,2084.5,2088.666748046875,69031
2025-04-21 07:30:00,2089.333251953125,2091.5,2082.0,2083.666748046875,68834
2025-04-21 07:45:00,2084.166748046875,2084.666748046875,2075.333251953125,2081.666748046875,96937
2025-04-21 08:00:00,2081.666748046875,2085.333251953125,2079.0,2079.5,57657
2025-04-21 08:15:00,2080.0,2080.0,2072.333251953125,2074.666748046875,71492
2025-04-21 08:30:00,2074.666748046875,2083.333251953125,2071.166748046875,2079.833251953125,79331
2025-04-21 08:45:00,2080.0,2088.5,2079.0,2088.0,93643
2025-04-21 09:00:00,2087.833251953125,2096.0,2086.666748046875,2089.666748046875,125130
2025-04-21 09:15:00,2089.166748046875,2090.666748046875,2081.5,2087.333251953125,74377
2025-04-21 09:30:00,2088.333251953125,2092.5,2084.333251953125,2091.333251953125,105659
2025-04-21 09:45:00,2090.666748046875,2102.833251953125,2090.666748046875,2101.333251953125,281447
2025-04-22 03:45:00,2109.5,2133.0,2101.0,2131.333251953125,317093
2025-04-22 04:00:00,2131.5,2131.5,2117.333251953125,2122.333251953125,239740
2025-04-22 04:15:00,2121.666748046875,2136.0,2116.666748046875,2123.166748046875,226852
2025-04-22 04:30:00,2124.0,2130.0,2122.666748046875,2124.5,81307
2025-04-22 04:45:00,2123.5,2124.5,2106.666748046875,2107.333251953125,228288
2025-04-22 05:00:00,2107.833251953125,2114.166748046875,2102.333251953125,2107.0,172737
2025-04-22 05:15:00,2107.5,2108.0,2098.0,2103.166748046875,138069
2025-04-22 05:30:00,2102.166748046875,2110.0,2101.0,2110.0,74202
2025-04-22 05:45:00,2109.666748046875,2111.666748046875,2102.0,2102.5,77890
2025-04-22 06:00:00,2102.833251953125,2106.0,2100.0,2103.5,60996
2025-04-22 06:15:00,2101.666748046875,2102.5,2091.666748046875,2096.5,122911
2025-04-22 06:30:00,2096.0,2101.666748046875,2092.0,2098.666748046875,58239
2025-04-22 06:45:00,2098.833251953125,2099.833251953125,2090.5,2095.0,66687
2025-04-22 07:00:00,2094.666748046875,2098.333251953125,2088.833251953125,2090.5,63275
2025-04-22 07:15:00,2090.5,2095.833251953125,2088.666748046875,2094.833251953125,60334
2025-04-22 07:30:00,2094.666748046875,2095.166748046875,2088.833251953125,2092.0,56899
2025-04-22 07:45:00,2092.166748046875,2099.5,2090.833251953125,2097.333251953125,63565
2025-04-22 08:00:00,2097.0,2107.666748046875,2096.0,2103.0,107439
2025-04-22 08:15:00,2103.333251953125,2108.333251953125,2100.0,2102.0,62352
2025-04-22 08:30:00,2102.0,2104.333251953125,2097.166748046875,2098.333251953125,46416
2025-04-22 08:45:00,2098.333251953125,2099.166748046875,2093.333251953125,2096.333251953125,49531
2025-04-22 09:00:00,2097.0,2097.166748046875,2091.666748046875,2094.5,47159
2025-04-22 09:15:00,2094.333251953125,2094.333251953125,2078.0,2078.333251953125,194026
2025-04-22 09:30:00,2079.166748046875,2086.833251953125,2077.0,2083.333251953125,139682
2025-04-22 09:45:00,2083.5,2083.5,2075.333251953125,2079.666748046875,220429
2025-04-23 03:45:00,2099.166748046875,2111.666748046875,2094.166748046875,2094.333251953125,157568
2025-04-23 04:00:00,2095.333251953125,2098.166748046875,2077.5,2088.333251953125,207396
2025-04-23 04:15:00,2087.666748046875,2096.333251953125,2086.5,2089.333251953125,80088
2025-04-23 04:30:00,2089.333251953125,2102.833251953125,2075.333251953125,2076.666748046875,142971
2025-04-23 04:45:00,2076.0,2095.0,2075.0,2093.333251953125,132766
2025-04-23 05:00:00,2093.666748046875,2094.0,2079.333251953125,2081.666748046875,85925
2025-04-23 05:15:00,2081.833251953125,2083.0,2075.0,2080.666748046875,100278
2025-04-23 05:30:00,2080.166748046875,2093.166748046875,2077.833251953125,2089.666748046875,115679
2025-04-23 05:45:00,2088.666748046875,2130.0,2088.333251953125,2125.666748046875,369710
2025-04-23 06:00:00,2125.0,2136.0,2115.666748046875,2122.0,299355
2025-04-23 06:15:00,2122.166748046875,2138.833251953125,2120.666748046875,2128.166748046875,219388
2025-04-23 06:30:00,2128.5,2133.0,2124.666748046875,2127.333251953125,93342
2025-04-23 06:45:00,2127.333251953125,2138.333251953125,2125.833251953125,2135.0,102231
2025-04-23 07:00:00,2135.0,2138.333251953125,2130.333251953125,2134.833251953125,94643
2025-04-23 07:15:00,2134.833251953125,2147.666748046875,2132.0,2145.166748046875,157276
2025-04-23 07:30:00,2145.166748046875,2150.0,2142.166748046875,2148.666748046875,158311
2025-04-23 07:45:00,2148.666748046875,2151.666748046875,2144.0,2149.666748046875,104594
2025-04-23 08:00:00,2149.166748046875,2151.666748046875,2140.5,2147.833251953125,101021
2025-04-23 08:15:00,2148.0,2153.0,2145.666748046875,2149.166748046875,86973
2025-04-23 08:30:00,2149.0,2150.666748046875,2141.333251953125,2144.166748046875,95506
2025-04-23 08:45:00,2144.0,2146.5,2137.166748046875,2138.166748046875,101206
2025-04-23 09:00:00,2138.333251953125,2144.5,2136.833251953125,2138.666748046875,64093
2025-04-23 09:15:00,2138.666748046875,2144.333251953125,2137.5,2141.666748046875,59391
2025-04-23 09:30:00,2141.666748046875,2147.166748046875,2141.166748046875,2142.833251953125,120535
2025-04-23 09:45:00,2142.833251953125,2152.833251953125,2141.0,2146.333251953125,230630
2025-04-24 03:45:00,2150.0,2174.166748046875,2140.166748046875,2167.833251953125,253870
2025-04-24 04:00:00,2166.5,2180.666748046875,2160.666748046875,2178.0,234854
2025-04-24 04:15:00,2178.0,2180.333251953125,2164.0,2176.666748046875,160935
2025-04-24 04:30:00,2177.0,2183.166748046875,2161.833251953125,2168.666748046875,236594
2025-04-24 04:45:00,2168.666748046875,2173.333251953125,2166.0,2169.0,89182
2025-04-24 05:00:00,2170.5,2170.5,2152.333251953125,2153.666748046875,117117
2025-04-24 05:15:00,2153.166748046875,2162.666748046875,2152.666748046875,2157.5,66921
2025-04-24 05:30:00,2158.5,2171.5,2157.833251953125,2170.666748046875,70566
2025-04-24 05:45:00,2170.0,2170.833251953125,2163.666748046875,2164.0,43865
2025-04-24 06:00:00,2164.0,2166.0,2158.333251953125,2159.5,44444
2025-04-24 06:15:00,2159.833251953125,2168.333251953125,2159.833251953125,2164.0,41342
2025-04-24 06:30:00,2164.166748046875,2164.666748046875,2160.5,2162.5,21483
2025-04-24 06:45:00,2161.333251953125,2163.333251953125,2160.666748046875,2161.333251953125,21457
2025-04-24 07:00:00,2162.0,2168.333251953125,2159.666748046875,2166.666748046875,37085
2025-04-24 07:15:00,2165.666748046875,2174.666748046875,2165.333251953125,2174.666748046875,63086
2025-04-24 07:30:00,2174.166748046875,2182.166748046875,2173.166748046875,2178.666748046875,142158
2025-04-24 07:45:00,2179.5,2181.0,2174.5,2178.5,53129
2025-04-24 08:00:00,2178.333251953125,2185.5,2178.333251953125,2183.833251953125,129608
2025-04-24 08:15:00,2183.666748046875,2188.0,2180.666748046875,2183.166748046875,105123
2025-04-24 08:30:00,2183.333251953125,2186.166748046875,2175.666748046875,2179.166748046875,70547
2025-04-24 08:45:00,2179.166748046875,2180.0,2176.5,2179.666748046875,37623
2025-04-24 09:00:00,2179.666748046875,2184.666748046875,2173.833251953125,2173.833251953125,93875
2025-04-24 09:15:00,2173.333251953125,2174.0,2163.833251953125,2166.333251953125,103310
2025-04-24 09:30:00,2167.333251953125,2169.166748046875,2158.333251953125,2166.333251953125,166428
2025-04-24 09:45:00,2166.333251953125,2169.666748046875,2162.666748046875,2163.666748046875,155637
2025-04-25 03:45:00,2174.666748046875,2198.0,2169.166748046875,2183.5,211066
2025-04-25 04:00:00,2183.0,2184.833251953125,2128.0,2128.333251953125,390741
2025-04-25 04:15:00,2128.333251953125,2145.0,2119.0,2120.833251953125,289699
2025-04-25 04:30:00,2120.833251953125,2121.833251953125,2096.5,2119.333251953125,367220
2025-04-25 04:45:00,2119.333251953125,2122.833251953125,2095.0,2096.0,205992
2025-04-25 05:00:00,2097.0,2105.166748046875,2091.666748046875,2096.666748046875,160973
2025-04-25 05:15:00,2097.333251953125,2105.0,2088.833251953125,2090.666748046875,118396
2025-04-25 05:30:00,2090.0,2095.333251953125,2076.666748046875,2088.666748046875,163431
2025-04-25 05:45:00,2088.5,2090.0,2069.666748046875,2079.5,140052
2025-04-25 06:00:00,2079.5,2083.333251953125,2070.5,2076.666748046875,87070
2025-04-25 06:15:00,2076.666748046875,2076.666748046875,2058.0,2060.166748046875,154663
2025-04-25 06:30:00,2060.0,2086.666748046875,2060.0,2082.666748046875,115066
2025-04-25 06:45:00,2083.166748046875,2095.0,2082.166748046875,2093.0,132519
2025-04-25 07:00:00,2093.0,2106.333251953125,2090.666748046875,2093.666748046875,171006
2025-04-25 07:15:00,2093.666748046875,2113.333251953125,2093.666748046875,2113.333251953125,114202
2025-04-25 07:30:00,2113.333251953125,2113.666748046875,2101.0,2104.666748046875,92393
2025-04-25 07:45:00,2104.333251953125,2111.666748046875,2097.166748046875,2101.0,81249
2025-04-25 08:00:00,2101.0,2111.5,2099.833251953125,2109.333251953125,57444
2025-04-25 08:15:00,2109.666748046875,2128.333251953125,2108.666748046875,2127.333251953125,138279
2025-04-25 08:30:00,2127.333251953125,2140.833251953125,2110.333251953125,2115.166748046875,236607
2025-04-25 08:45:00,2115.166748046875,2128.333251953125,2114.166748046875,2119.0,94779
2025-04-25 09:00:00,2119.333251953125,2121.166748046875,2103.333251953125,2109.833251953125,107574
2025-04-25 09:15:00,2109.666748046875,2116.666748046875,2101.666748046875,2108.166748046875,99582
2025-04-25 09:30:00,2108.166748046875,2108.333251953125,2102.333251953125,2102.666748046875,115456
2025-04-25 09:45:00,2103.333251953125,2103.666748046875,2095.0,2097.0,203291
2025-04-28 03:45:00,2092.0,2136.0,2091.5,2125.0,228440
2025-04-28 04:00:00,2126.166748046875,2146.666748046875,2123.333251953125,2129.5,259399
2025-04-28 04:15:00,2128.333251953125,2136.666748046875,2121.166748046875,2133.0,122359
2025-04-28 04:30:00,2133.833251953125,2141.666748046875,2133.0,2140.5,92030
2025-04-28 04:45:00,2140.0,2152.5,2136.0,2147.166748046875,144680
2025-04-28 05:00:00,2147.166748046875,2159.166748046875,2146.666748046875,2151.666748046875,138899
2025-04-28 05:15:00,2151.666748046875,2156.666748046875,2150.0,2150.666748046875,53873
2025-04-28 05:30:00,2151.833251953125,2151.833251953125,2142.333251953125,2144.333251953125,57131
2025-04-28 05:45:00,2144.833251953125,2153.0,2143.666748046875,2153.0,37769
2025-04-28 06:00:00,2153.333251953125,2153.833251953125,2146.666748046875,2148.5,29614
2025-04-28 06:15:00,2147.833251953125,2151.0,2146.666748046875,2147.5,17613
2025-04-28 06:30:00,2148.333251953125,2158.833251953125,2147.5,2156.666748046875,78936
2025-04-28 06:45:00,2156.666748046875,2165.833251953125,2155.833251953125,2164.666748046875,108103
2025-04-28 07:00:00,2164.0,2172.666748046875,2161.666748046875,2167.0,128905
2025-04-28 07:15:00,2167.666748046875,2170.0,2165.0,2167.666748046875,40811
2025-04-28 07:30:00,2167.666748046875,2172.0,2165.333251953125,2170.0,76695
2025-04-28 07:45:00,2169.0,2175.0,2165.0,2175.0,78751
2025-04-28 08:00:00,2174.833251953125,2179.0,2172.166748046875,2177.166748046875,91010
2025-04-28 08:15:00,2177.333251953125,2178.333251953125,2171.833251953125,2177.333251953125,64145
2025-04-28 08:30:00,2177.333251953125,2178.333251953125,2174.166748046875,2175.666748046875,51291
2025-04-28 08:45:00,2176.333251953125,2176.666748046875,2165.0,2166.833251953125,94126
2025-04-28 09:00:00,2166.833251953125,2170.0,2162.0,2165.666748046875,75325
2025-04-28 09:15:00,2165.166748046875,2178.0,2165.166748046875,2175.833251953125,120498
2025-04-28 09:30:00,2176.666748046875,2195.0,2176.166748046875,2192.666748046875,229203
2025-04-28 09:45:00,2191.666748046875,2198.333251953125,2178.333251953125,2180.0,261044
2025-04-29 03:45:00,2198.166748046875,2246.666748046875,2188.333251953125,2240.833251953125,386090
2025-04-29 04:00:00,2241.5,2269.0,2234.333251953125,2253.333251953125,589735
2025-04-29 04:15:00,2253.333251953125,2261.0,2241.666748046875,2259.5,268149
2025-04-29 04:30:00,2260.0,2262.166748046875,2239.0,2239.0,175998
2025-04-29 04:45:00,2239.166748046875,2241.333251953125,2227.0,2230.666748046875,196938
2025-04-29 05:00:00,2230.666748046875,2237.0,2219.833251953125,2223.333251953125,176810
2025-04-29 05:15:00,2223.166748046875,2235.0,2222.333251953125,2232.0,91591
2025-04-29 05:30:00,2232.333251953125,2234.0,2226.666748046875,2229.666748046875,73962
2025-04-29 05:45:00,2229.5,2239.333251953125,2221.833251953125,2236.666748046875,100906
2025-04-29 06:00:00,2236.666748046875,2243.833251953125,2232.0,2241.333251953125,97020
2025-04-29 06:15:00,2241.333251953125,2241.333251953125,2229.166748046875,2232.5,66312
2025-04-29 06:30:00,2233.5,2235.666748046875,2227.166748046875,2229.833251953125,58267
2025-04-29 06:45:00,2229.0,2230.5,2222.0,2224.0,76321
2025-04-29 07:00:00,2223.5,2234.833251953125,2222.666748046875,2231.666748046875,58416
2025-04-29 07:15:00,2231.666748046875,2233.166748046875,2224.5,2228.0,48079
2025-04-29 07:30:00,2228.5,2231.166748046875,2222.0,2227.166748046875,52457
2025-04-29 07:45:00,2228.0,2231.0,2224.166748046875,2229.0,38628
2025-04-29 08:00:00,2229.0,2237.333251953125,2228.5,2231.5,54432
2025-04-29 08:15:00,2231.5,2235.666748046875,2228.0,2231.333251953125,42082
2025-04-29 08:30:00,2231.333251953125,2234.666748046875,2229.0,2229.333251953125,54820
2025-04-29 08:45:00,2229.166748046875,2231.666748046875,2217.666748046875,2219.166748046875,111217
2025-04-29 09:00:00,2219.166748046875,2223.0,2214.0,2222.0,89215
2025-04-29 09:15:00,2222.666748046875,2226.666748046875,2214.166748046875,2214.666748046875,95781
2025-04-29 09:30:00,2214.166748046875,2218.833251953125,2208.333251953125,2213.333251953125,141275
2025-04-29 09:45:00,2213.5,2220.0,2209.5,2219.333251953125,210671
2025-04-30 03:45:00,2218.833251953125,2221.166748046875,2156.666748046875,2171.666748046875,245895
2025-04-30 04:00:00,2170.666748046875,2189.666748046875,2158.833251953125,2161.666748046875,227770
2025-04-30 04:15:00,2161.333251953125,2169.5,2150.0,2154.666748046875,207591
2025-04-30 04:30:00,2154.666748046875,2161.5,2153.0,2160.333251953125,78144
2025-04-30 04:45:00,2160.333251953125,2163.0,2152.166748046875,2152.666748046875,53667
2025-04-30 05:00:00,2152.833251953125,2153.166748046875,2144.666748046875,2150.666748046875,96817
2025-04-30 05:15:00,2150.333251953125,2153.0,2143.333251953125,2150.333251953125,63379
2025-04-30 05:30:00,2150.5,2152.0,2143.333251953125,2145.666748046875,43640
2025-04-30 05:45:00,2145.666748046875,2151.0,2130.0,2131.333251953125,116675
2025-04-30 06:00:00,2130.166748046875,2131.333251953125,2126.0,2127.166748046875,87315
2025-04-30 06:15:00,2126.666748046875,2127.333251953125,2120.5,2124.333251953125,80408
2025-04-30 06:30:00,2124.666748046875,2142.333251953125,2124.0,2138.333251953125,118733
2025-04-30 06:45:00,2137.333251953125,2138.166748046875,2128.666748046875,2131.833251953125,61833
2025-04-30 07:00:00,2132.333251953125,2132.666748046875,2128.166748046875,2130.833251953125,33917
2025-04-30 07:15:00,2131.0,2131.833251953125,2128.0,2128.666748046875,20057
2025-04-30 07:30:00,2128.833251953125,2130.0,2126.666748046875,2128.666748046875,33748
2025-04-30 07:45:00,2128.666748046875,2129.333251953125,2122.666748046875,2128.666748046875,40218
2025-04-30 08:00:00,2128.333251953125,2138.0,2128.166748046875,2133.5,55108
2025-04-30 08:15:00,2133.333251953125,2134.166748046875,2128.333251953125,2131.333251953125,29310
2025-04-30 08:30:00,2131.333251953125,2133.333251953125,2130.0,2131.833251953125,22334
2025-04-30 08:45:00,2132.0,2133.0,2130.166748046875,2131.0,20612
2025-04-30 09:00:00,2131.0,2135.0,2128.333251953125,2134.333251953125,57807
2025-04-30 09:15:00,2134.833251953125,2142.333251953125,2130.0,2131.833251953125,84944
2025-04-30 09:30:00,2132.333251953125,2135.833251953125,2120.0,2120.333251953125,129772
2025-04-30 09:45:00,2120.333251953125,2121.5,2107.5,2113.0,215008
2025-05-02 03:45:00,2125.0,2169.5,2120.5,2146.833251953125,299344
2025-05-02 04:00:00,2146.5,2153.0,2141.166748046875,2145.833251953125,139883
2025-05-02 04:15:00,2145.833251953125,2149.333251953125,2138.333251953125,2148.0,76500
2025-05-02 04:30:00,2147.333251953125,2148.666748046875,2138.333251953125,2140.666748046875,57652
2025-05-02 04:45:00,2140.333251953125,2142.5,2123.333251953125,2124.666748046875,131841
2025-05-02 05:00:00,2124.166748046875,2143.833251953125,2120.0,2138.5,141947
2025-05-02 05:15:00,2138.333251953125,2139.833251953125,2126.666748046875,2128.833251953125,86594
2025-05-02 05:30:00,2128.833251953125,2130.833251953125,2124.0,2126.333251953125,49202
2025-05-02 05:45:00,2126.333251953125,2128.666748046875,2110.666748046875,2113.0,123265
2025-05-02 06:00:00,2114.0,2125.0,2108.333251953125,2124.333251953125,101652
2025-05-02 06:15:00,2124.5,2126.0,2116.666748046875,2125.666748046875,65885
2025-05-02 06:30:00,2125.666748046875,2125.666748046875,2112.833251953125,2116.333251953125,43206
2025-05-02 06:45:00,2116.0,2116.5,2100.333251953125,2100.333251953125,97179
2025-05-02 07:00:00,2100.333251953125,2106.0,2096.666748046875,2105.166748046875,91402
2025-05-02 07:15:00,2106.0,2112.166748046875,2105.833251953125,2111.0,62393
2025-05-02 07:30:00,2111.0,2114.833251953125,2103.166748046875,2109.0,51167
2025-05-02 07:45:00,2109.833251953125,2124.166748046875,2109.833251953125,2119.666748046875,82733
2025-05-02 08:00:00,2119.666748046875,2128.0,2117.833251953125,2120.666748046875,67900
2025-05-02 08:15:00,2120.833251953125,2121.0,2116.0,2116.833251953125,40196
2025-05-02 08:30:00,2116.833251953125,2125.333251953125,2116.0,2118.833251953125,45591
2025-05-02 08:45:00,2118.833251953125,2120.333251953125,2110.0,2112.333251953125,55428
2025-05-02 09:00:00,2111.666748046875,2112.333251953125,2100.333251953125,2106.666748046875,80194
2025-05-02 09:15:00,2106.666748046875,2114.0,2104.666748046875,2106.666748046875,50151
2025-05-02 09:30:00,2106.666748046875,2111.333251953125,2100.666748046875,2106.0,91412
2025-05-02 09:45:00,2106.0,2106.333251953125,2096.833251953125,2105.0,156829
2025-05-05 03:45:00,2117.0,2126.666748046875,2090.666748046875,2093.5,179672
2025-05-05 04:00:00,2094.333251953125,2112.5,2091.166748046875,2108.166748046875,162791
2025-05-05 04:15:00,2107.666748046875,2111.0,2098.333251953125,2106.666748046875,89579
2025-05-05 04:30:00,2105.833251953125,2121.0,2098.333251953125,2117.666748046875,143736
2025-05-05 04:45:00,2116.5,2128.166748046875,2111.666748046875,2128.0,130932
2025-05-05 05:00:00,2129.0,2132.666748046875,2122.666748046875,2129.833251953125,88276
2025-05-05 05:15:00,2129.166748046875,2132.166748046875,2121.5,2124.166748046875,61630
2025-05-05 05:30:00,2124.333251953125,2131.333251953125,2117.833251953125,2131.333251953125,56208
2025-05-05 05:45:00,2130.166748046875,2155.0,2130.166748046875,2142.333251953125,219908
2025-05-05 06:00:00,2142.0,2145.833251953125,2130.333251953125,2133.166748046875,75914
2025-05-05 06:15:00,2132.333251953125,2138.166748046875,2127.166748046875,2135.0,49380
2025-05-05 06:30:00,2134.666748046875,2139.5,2128.833251953125,2130.0,35139
2025-05-05 06:45:00,2129.166748046875,2131.166748046875,2124.0,2131.166748046875,47887
2025-05-05 07:00:00,2131.0,2133.333251953125,2128.333251953125,2133.333251953125,22148
2025-05-05 07:15:00,2133.333251953125,2133.333251953125,2130.0,2133.166748046875,19848
2025-05-05 07:30:00,2133.333251953125,2134.333251953125,2126.666748046875,2128.333251953125,30011
2025-05-05 07:45:00,2128.333251953125,2133.833251953125,2127.5,2130.0,27223
2025-05-05 08:00:00,2130.333251953125,2133.0,2128.5,2132.166748046875,17958
2025-05-05 08:15:00,2132.333251953125,2133.833251953125,2130.0,2130.833251953125,36850
2025-05-05 08:30:00,2130.833251953125,2132.333251953125,2128.666748046875,2130.333251953125,14781
2025-05-05 08:45:00,2130.333251953125,2142.666748046875,2130.0,2140.333251953125,55299
2025-05-05 09:00:00,2140.5,2148.666748046875,2136.166748046875,2146.0,93580
2025-05-05 09:15:00,2147.0,2158.333251953125,2145.166748046875,2149.0,135665
2025-05-05 09:30:00,2150.0,2152.833251953125,2144.833251953125,2148.333251953125,83026
2025-05-05 09:45:00,2148.333251953125,2157.333251953125,2147.0,2153.333251953125,141106
2025-05-06 03:45:00,2157.166748046875,2174.833251953125,2132.333251953125,2139.166748046875,180400
2025-05-06 04:00:00,2138.666748046875,2161.5,2132.666748046875,2157.333251953125,206338
2025-05-06 04:15:00,2158.333251953125,2165.0,2140.666748046875,2143.166748046875,152102
2025-05-06 04:30:00,2143.833251953125,2173.0,2140.666748046875,2157.333251953125,195505
2025-05-06 04:45:00,2156.333251953125,2158.5,2143.166748046875,2145.333251953125,93608
2025-05-06 05:00:00,2145.166748046875,2158.166748046875,2142.166748046875,2157.833251953125,69961
2025-05-06 05:15:00,2158.0,2160.0,2145.0,2154.666748046875,49929
2025-05-06 05:30:00,2154.5,2154.5,2145.333251953125,2145.333251953125,23323
2025-05-06 05:45:00,2145.666748046875,2147.166748046875,2130.0,2132.333251953125,107264
2025-05-06 06:00:00,2131.666748046875,2136.0,2123.666748046875,2124.666748046875,71762
2025-05-06 06:15:00,2126.0,2127.666748046875,2119.0,2123.333251953125,75776
2025-05-06 06:30:00,2123.333251953125,2132.333251953125,2120.5,2131.166748046875,49243
2025-05-06 06:45:00,2131.666748046875,2133.0,2120.0,2120.5,56263
2025-05-06 07:00:00,2120.333251953125,2124.833251953125,2113.5,2118.333251953125,69620
2025-05-06 07:15:00,2118.333251953125,2124.5,2115.333251953125,2118.166748046875,31669
2025-05-06 07:30:00,2118.166748046875,2121.833251953125,2114.666748046875,2121.0,43451
2025-05-06 07:45:00,2121.333251953125,2121.833251953125,2115.0,2119.0,24060
2025-05-06 08:00:00,2119.333251953125,2124.666748046875,2116.666748046875,2120.0,35899
2025-05-06 08:15:00,2121.0,2126.333251953125,2120.0,2120.666748046875,28049
2025-05-06 08:30:00,2120.666748046875,2121.0,2104.0,2104.5,73664
2025-05-06 08:45:00,2105.666748046875,2106.666748046875,2094.833251953125,2095.666748046875,104039
2025-05-06 09:00:00,2095.666748046875,2104.0,2084.666748046875,2085.666748046875,110805
2025-05-06 09:15:00,2086.833251953125,2088.5,2073.833251953125,2074.0,146947
2025-05-06 09:30:00,2074.666748046875,2088.833251953125,2074.666748046875,2080.0,164965
2025-05-06 09:45:00,2080.833251953125,2086.166748046875,2074.666748046875,2083.333251953125,147787
2025-05-07 03:45:00,2131.5,2257.0,2123.333251953125,2251.0,1203992
2025-05-07 04:00:00,2251.666748046875,2282.5,2230.666748046875,2233.0,1539824
2025-05-07 04:15:00,2231.0,2231.5,2190.0,2227.666748046875,1281429
2025-05-07 04:30:00,2227.5,2230.0,2198.333251953125,2205.5,530316
2025-05-07 04:45:00,2205.833251953125,2223.333251953125,2204.833251953125,2213.666748046875,261094
2025-05-07 05:00:00,2213.666748046875,2248.333251953125,2213.666748046875,2227.833251953125,480428
2025-05-07 05:15:00,2228.333251953125,2245.0,2226.666748046875,2244.833251953125,227410
2025-05-07 05:30:00,2244.666748046875,2255.5,2241.833251953125,2253.333251953125,334916
2025-05-07 05:45:00,2254.0,2269.666748046875,2252.0,2258.5,410282
2025-05-07 06:00:00,2258.666748046875,2275.0,2258.666748046875,2264.0,301605
2025-05-07 06:15:00,2264.166748046875,2271.166748046875,2251.833251953125,2257.333251953125,332624
2025-05-07 06:30:00,2257.166748046875,2268.333251953125,2253.333251953125,2258.666748046875,166650
2025-05-07 06:45:00,2258.666748046875,2261.333251953125,2246.666748046875,2247.666748046875,203701
2025-05-07 07:00:00,2248.0,2254.0,2242.0,2244.666748046875,142381
2025-05-07 07:15:00,2244.0,2245.5,2230.0,2230.666748046875,211704
2025-05-07 07:30:00,2231.166748046875,2236.666748046875,2220.5,2222.833251953125,221736
2025-05-07 07:45:00,2224.833251953125,2226.5,2210.333251953125,2213.0,204551
2025-05-07 08:00:00,2212.0,2216.166748046875,2203.333251953125,2204.833251953125,194013
2025-05-07 08:15:00,2204.833251953125,2208.5,2198.5,2204.5,195335
2025-05-07 08:30:00,2205.5,2235.666748046875,2204.0,2217.166748046875,407051
2025-05-07 08:45:00,2217.333251953125,2221.166748046875,2207.333251953125,2211.333251953125,169381
2025-05-07 09:00:00,2211.333251953125,2219.666748046875,2210.333251953125,2211.5,110032
2025-05-07 09:15:00,2211.666748046875,2216.833251953125,2206.833251953125,2213.166748046875,110620
2025-05-07 09:30:00,2214.0,2219.166748046875,2208.333251953125,2210.166748046875,212391
2025-05-07 09:45:00,2211.166748046875,2226.666748046875,2210.166748046875,2223.166748046875,338226
2025-05-08 03:45:00,2244.0,2296.0,2227.0,2291.666748046875,839892
2025-05-08 04:00:00,2290.166748046875,2291.666748046875,2270.0,2279.333251953125,474725
2025-05-08 04:15:00,2278.333251953125,2286.0,2263.833251953125,2277.333251953125,328092
2025-05-08 04:30:00,2277.333251953125,2284.666748046875,2275.0,2281.5,112603
2025-05-08 04:45:00,2281.5,2298.0,2278.333251953125,2291.833251953125,387650
2025-05-08 05:00:00,2292.833251953125,2292.833251953125,2281.666748046875,2291.166748046875,163772
2025-05-08 05:15:00,2290.0,2293.166748046875,2284.833251953125,2290.0,95249
2025-05-08 05:30:00,2290.0,2296.0,2288.833251953125,2293.333251953125,118947
2025-05-08 05:45:00,2292.666748046875,2298.0,2286.833251953125,2293.0,163646
2025-05-08 06:00:00,2293.0,2295.0,2285.333251953125,2285.833251953125,78262
2025-05-08 06:15:00,2285.833251953125,2290.0,2283.666748046875,2284.0,81405
2025-05-08 06:30:00,2284.5,2286.5,2278.5,2284.5,112823
2025-05-08 06:45:00,2285.666748046875,2289.333251953125,2283.333251953125,2284.666748046875,72174
2025-05-08 07:00:00,2284.0,2286.0,2280.833251953125,2284.5,47595
2025-05-08 07:15:00,2284.5,2292.333251953125,2283.833251953125,2289.666748046875,80973
2025-05-08 07:30:00,2289.833251953125,2290.666748046875,2282.0,2282.666748046875,71896
2025-05-08 07:45:00,2282.666748046875,2286.666748046875,2275.0,2282.5,131725
2025-05-08 08:00:00,2282.833251953125,2289.333251953125,2276.166748046875,2278.5,92788
2025-05-08 08:15:00,2278.5,2279.666748046875,2260.666748046875,2262.666748046875,242173
2025-05-08 08:30:00,2262.333251953125,2271.166748046875,2258.833251953125,2260.666748046875,175442
2025-05-08 08:45:00,2259.833251953125,2267.833251953125,2257.5,2266.0,102114
2025-05-08 09:00:00,2266.0,2266.5,2254.0,2256.666748046875,127749
2025-05-08 09:15:00,2256.666748046875,2258.333251953125,2229.0,2230.666748046875,322706
2025-05-08 09:30:00,2231.666748046875,2243.333251953125,2227.5,2239.666748046875,235948
2025-05-08 09:45:00,2239.833251953125,2240.0,2210.5,2214.833251953125,270266
2025-05-09 03:45:00,2175.333251953125,2216.0,2167.666748046875,2171.666748046875,407499
2025-05-09 04:00:00,2174.166748046875,2199.5,2162.0,2189.333251953125,422585
2025-05-09 04:15:00,2189.666748046875,2190.0,2171.666748046875,2173.333251953125,189264
2025-05-09 04:30:00,2173.333251953125,2184.833251953125,2161.166748046875,2182.666748046875,226731
2025-05-09 04:45:00,2183.666748046875,2184.666748046875,2167.0,2170.0,99535
2025-05-09 05:00:00,2170.666748046875,2173.5,2161.666748046875,2164.333251953125,119249
2025-05-09 05:15:00,2163.666748046875,2172.833251953125,2163.666748046875,2166.666748046875,69828
2025-05-09 05:30:00,2166.666748046875,2173.0,2166.666748046875,2171.666748046875,50489
2025-05-09 05:45:00,2171.666748046875,2188.833251953125,2167.5,2188.333251953125,142895
2025-05-09 06:00:00,2188.666748046875,2196.5,2184.666748046875,2186.0,163381
2025-05-09 06:15:00,2186.666748046875,2188.833251953125,2177.166748046875,2186.833251953125,103145
2025-05-09 06:30:00,2186.666748046875,2191.666748046875,2181.5,2191.166748046875,47548
2025-05-09 06:45:00,2191.166748046875,2193.333251953125,2184.0,2187.166748046875,47585
2025-05-09 07:00:00,2186.5,2186.833251953125,2178.833251953125,2179.333251953125,51846
2025-05-09 07:15:00,2179.333251953125,2188.5,2178.333251953125,2185.0,36272
2025-05-09 07:30:00,2184.5,2185.333251953125,2172.333251953125,2174.5,70287
2025-05-09 07:45:00,2174.666748046875,2181.666748046875,2173.333251953125,2173.833251953125,54691
2025-05-09 08:00:00,2173.5,2176.666748046875,2170.666748046875,2171.666748046875,47643
2025-05-09 08:15:00,2171.666748046875,2176.666748046875,2167.333251953125,2172.166748046875,66865
2025-05-09 08:30:00,2172.333251953125,2177.333251953125,2171.666748046875,2175.0,42598
2025-05-09 08:45:00,2175.333251953125,2185.0,2173.166748046875,2175.0,89155
2025-05-09 09:00:00,2174.5,2182.166748046875,2173.833251953125,2179.0,38728
2025-05-09 09:15:00,2179.833251953125,2188.0,2178.833251953125,2183.333251953125,87022
2025-05-09 09:30:00,2183.333251953125,2185.5,2179.0,2184.333251953125,130058
2025-05-09 09:45:00,2184.833251953125,2203.666748046875,2183.333251953125,2200.0,251176
2025-05-12 03:45:00,2308.833251953125,2348.833251953125,2300.333251953125,2342.166748046875,508847
2025-05-12 04:00:00,2342.5,2344.333251953125,2321.5,2323.333251953125,389557
2025-05-12 04:15:00,2323.5,2332.333251953125,2321.666748046875,2324.166748046875,177454
2025-05-12 04:30:00,2325.0,2335.0,2320.0,2320.0,190114
2025-05-12 04:45:00,2320.0,2324.0,2311.333251953125,2322.166748046875,168403
2025-05-12 05:00:00,2322.166748046875,2325.833251953125,2313.5,2322.166748046875,108810
2025-05-12 05:15:00,2321.333251953125,2322.5,2311.666748046875,2312.5,79510
2025-05-12 05:30:00,2312.5,2318.666748046875,2312.166748046875,2315.0,51332
2025-05-12 05:45:00,2314.666748046875,2316.666748046875,2307.0,2310.0,86435
2025-05-12 06:00:00,2309.5,2311.666748046875,2297.5,2301.333251953125,108298
2025-05-12 06:15:00,2301.666748046875,2302.166748046875,2294.5,2298.0,75639
2025-05-12 06:30:00,2298.0,2303.333251953125,2288.333251953125,2298.333251953125,173560
2025-05-12 06:45:00,2298.166748046875,2298.833251953125,2288.666748046875,2289.0,52462
2025-05-12 07:00:00,2289.5,2298.333251953125,2289.166748046875,2298.333251953125,76986
2025-05-12 07:15:00,2298.333251953125,2309.333251953125,2297.0,2304.666748046875,114930
2025-05-12 07:30:00,2303.666748046875,2306.666748046875,2296.666748046875,2301.333251953125,53230
2025-05-12 07:45:00,2301.333251953125,2309.666748046875,2300.833251953125,2306.166748046875,52582
2025-05-12 08:00:00,2306.833251953125,2320.0,2306.333251953125,2318.5,128746
2025-05-12 08:15:00,2319.333251953125,2319.666748046875,2306.666748046875,2310.833251953125,90934
2025-05-12 08:30:00,2311.333251953125,2314.0,2308.333251953125,2312.5,44155
2025-05-12 08:45:00,2312.333251953125,2315.0,2306.666748046875,2310.166748046875,39673
2025-05-12 09:00:00,2310.166748046875,2311.0,2301.666748046875,2306.333251953125,76850
2025-05-12 09:15:00,2306.0,2317.666748046875,2306.0,2310.666748046875,106209
2025-05-12 09:30:00,2310.666748046875,2316.666748046875,2310.333251953125,2314.833251953125,92053
2025-05-12 09:45:00,2314.666748046875,2326.666748046875,2313.333251953125,2321.666748046875,220870
2025-05-13 03:45:00,2329.166748046875,2384.833251953125,2329.166748046875,2377.833251953125,518216
2025-05-13 04:00:00,2377.666748046875,2398.0,2368.333251953125,2396.5,542770
2025-05-13 04:15:00,2396.666748046875,2398.666748046875,2383.666748046875,2391.333251953125,297073
2025-05-13 04:30:00,2392.166748046875,2403.333251953125,2386.666748046875,2387.333251953125,343017
2025-05-13 04:45:00,2386.666748046875,2396.166748046875,2381.0,2390.833251953125,209573
2025-05-13 05:00:00,2390.666748046875,2396.333251953125,2389.833251953125,2391.333251953125,94674
2025-05-13 05:15:00,2391.5,2396.666748046875,2387.666748046875,2390.833251953125,93302
2025-05-13 05:30:00,2391.666748046875,2395.0,2390.333251953125,2392.666748046875,53009
2025-05-13 05:45:00,2392.666748046875,2410.833251953125,2392.0,2408.0,217896
2025-05-13 06:00:00,2408.166748046875,2411.666748046875,2395.666748046875,2407.166748046875,161569
2025-05-13 06:15:00,2406.833251953125,2411.333251953125,2403.333251953125,2408.333251953125,75759
2025-05-13 06:30:00,2408.333251953125,2421.666748046875,2405.0,2412.666748046875,198078
2025-05-13 06:45:00,2412.333251953125,2418.333251953125,2410.333251953125,2415.0,104412
2025-05-13 07:00:00,2414.333251953125,2417.666748046875,2408.5,2411.166748046875,89130
2025-05-13 07:15:00,2411.166748046875,2413.0,2405.0,2408.333251953125,73704
2025-05-13 07:30:00,2407.333251953125,2413.333251953125,2406.0,2412.166748046875,56739
2025-05-13 07:45:00,2412.666748046875,2413.333251953125,2406.833251953125,2407.5,52369
2025-05-13 08:00:00,2408.0,2410.0,2402.333251953125,2409.166748046875,84372
2025-05-13 08:15:00,2408.666748046875,2413.333251953125,2406.833251953125,2408.833251953125,66339
2025-05-13 08:30:00,2409.0,2413.333251953125,2407.0,2411.333251953125,61938
2025-05-13 08:45:00,2411.333251953125,2413.5,2408.0,2410.333251953125,73165
2025-05-13 09:00:00,2410.5,2425.0,2409.333251953125,2417.166748046875,146163
2025-05-13 09:15:00,2417.166748046875,2431.5,2416.666748046875,2431.0,244836
2025-05-13 09:30:00,2431.0,2448.333251953125,2427.666748046875,2445.5,441442
2025-05-13 09:45:00,2445.333251953125,2447.833251953125,2430.0,2436.0,517602
2025-05-14 03:45:00,2454.5,2471.5,2421.333251953125,2435.5,809925
2025-05-14 04:00:00,2436.0,2441.166748046875,2423.666748046875,2425.0,316599
2025-05-14 04:15:00,2425.166748046875,2430.0,2417.333251953125,2424.333251953125,199173
2025-05-14 04:30:00,2424.333251953125,2435.666748046875,2424.333251953125,2430.833251953125,138700
2025-05-14 04:45:00,2431.666748046875,2446.666748046875,2431.333251953125,2440.5,173992
2025-05-14 05:00:00,2441.166748046875,2458.333251953125,2439.333251953125,2458.333251953125,250899
2025-05-14 05:15:00,2458.333251953125,2462.5,2445.833251953125,2446.666748046875,138243
2025-05-14 05:30:00,2446.5,2452.833251953125,2446.333251953125,2448.0,59768
2025-05-14 05:45:00,2448.0,2455.0,2443.5,2452.0,71549
2025-05-14 06:00:00,2452.666748046875,2453.333251953125,2447.333251953125,2448.333251953125,25895
2025-05-14 06:15:00,2449.0,2450.833251953125,2443.333251953125,2449.333251953125,52676
2025-05-14 06:30:00,2450.0,2451.833251953125,2440.833251953125,2447.833251953125,50134
2025-05-14 06:45:00,2448.0,2455.333251953125,2444.666748046875,2451.833251953125,75904
2025-05-14 07:00:00,2451.166748046875,2453.333251953125,2443.833251953125,2449.166748046875,40918
2025-05-14 07:15:00,2449.333251953125,2450.333251953125,2433.666748046875,2442.333251953125,105870
2025-05-14 07:30:00,2442.333251953125,2449.333251953125,2441.333251953125,2444.0,52127
2025-05-14 07:45:00,2444.0,2446.0,2440.333251953125,2441.833251953125,37741
2025-05-14 08:00:00,2443.0,2446.166748046875,2441.833251953125,2443.166748046875,22929
2025-05-14 08:15:00,2443.166748046875,2444.833251953125,2441.666748046875,2441.666748046875,23361
2025-05-14 08:30:00,2441.5,2441.666748046875,2437.0,2439.666748046875,42917
2025-05-14 08:45:00,2439.166748046875,2443.333251953125,2437.166748046875,2441.833251953125,38208
2025-05-14 09:00:00,2441.666748046875,2444.833251953125,2438.0,2441.166748046875,49171
2025-05-14 09:15:00,2441.666748046875,2449.666748046875,2441.0,2444.0,86225
2025-05-14 09:30:00,2445.166748046875,2449.333251953125,2443.666748046875,2446.5,86254
2025-05-14 09:45:00,2446.5,2456.666748046875,2443.833251953125,2453.0,198587
2025-05-15 03:45:00,2450.166748046875,2450.166748046875,2405.666748046875,2405.666748046875,255014
2025-05-15 04:00:00,2405.5,2416.666748046875,2393.833251953125,2405.166748046875,394600
2025-05-15 04:15:00,2406.333251953125,2411.0,2397.166748046875,2402.0,192867
2025-05-15 04:30:00,2402.166748046875,2407.166748046875,2398.333251953125,2399.333251953125,87525
2025-05-15 04:45:00,2399.833251953125,2408.166748046875,2399.166748046875,2406.666748046875,57088
2025-05-15 05:00:00,2407.333251953125,2415.666748046875,2403.833251953125,2409.333251953125,120726
2025-05-15 05:15:00,2408.333251953125,2408.333251953125,2397.166748046875,2403.833251953125,100007
2025-05-15 05:30:00,2404.5,2404.5,2387.166748046875,2393.0,139813
2025-05-15 05:45:00,2393.0,2393.0,2383.666748046875,2389.5,101392
2025-05-15 06:00:00,2389.166748046875,2393.0,2380.0,2392.5,125630
2025-05-15 06:15:00,2392.666748046875,2396.166748046875,2388.166748046875,2391.166748046875,67431
2025-05-15 06:30:00,2390.333251953125,2391.0,2382.333251953125,2385.5,67077
2025-05-15 06:45:00,2386.0,2387.666748046875,2378.333251953125,2380.833251953125,82340
2025-05-15 07:00:00,2380.666748046875,2385.0,2377.5,2381.0,65595
2025-05-15 07:15:00,2381.333251953125,2383.333251953125,2375.333251953125,2377.333251953125,85140
2025-05-15 07:30:00,2377.333251953125,2379.333251953125,2372.0,2375.666748046875,111583
2025-05-15 07:45:00,2375.666748046875,2377.5,2370.666748046875,2375.0,82012
2025-05-15 08:00:00,2376.666748046875,2396.166748046875,2376.0,2390.666748046875,141418
2025-05-15 08:15:00,2390.666748046875,2393.333251953125,2384.166748046875,2392.333251953125,86683
2025-05-15 08:30:00,2392.333251953125,2402.833251953125,2387.666748046875,2401.0,121084
2025-05-15 08:45:00,2401.666748046875,2401.666748046875,2387.333251953125,2390.0,96184
2025-05-15 09:00:00,2389.666748046875,2391.166748046875,2386.666748046875,2389.333251953125,67275
2025-05-15 09:15:00,2389.166748046875,2391.5,2387.5,2389.166748046875,55594
2025-05-15 09:30:00,2388.333251953125,2391.666748046875,2381.5,2381.833251953125,169107
2025-05-15 09:45:00,2382.0,2385.0,2378.166748046875,2383.333251953125,268486
2025-05-16 03:45:00,2401.166748046875,2436.166748046875,2400.0,2422.333251953125,177730
2025-05-16 04:00:00,2423.166748046875,2425.0,2412.166748046875,2417.666748046875,124481
2025-05-16 04:15:00,2417.666748046875,2419.166748046875,2408.833251953125,2411.166748046875,82902
2025-05-16 04:30:00,2411.166748046875,2415.0,2410.0,2413.5,46455
2025-05-16 04:45:00,2414.666748046875,2425.0,2414.166748046875,2418.833251953125,93649
2025-05-16 05:00:00,2418.833251953125,2425.0,2418.0,2422.0,46053
2025-05-16 05:15:00,2422.833251953125,2424.5,2420.5,2422.0,23574
2025-05-16 05:30:00,2423.166748046875,2429.333251953125,2415.5,2425.0,82820
2025-05-16 05:45:00,2425.0,2428.0,2420.666748046875,2422.0,45766
2025-05-16 06:00:00,2421.0,2424.166748046875,2418.5,2422.666748046875,21180
2025-05-16 06:15:00,2422.833251953125,2434.0,2422.833251953125,2433.333251953125,130044
2025-05-16 06:30:00,2433.833251953125,2434.166748046875,2426.666748046875,2429.333251953125,53237
2025-05-16 06:45:00,2429.333251953125,2434.0,2427.166748046875,2433.0,58276
2025-05-16 07:00:00,2433.0,2433.333251953125,2430.0,2430.666748046875,29830
2025-05-16 07:15:00,2430.666748046875,2433.166748046875,2430.0,2430.833251953125,26024
2025-05-16 07:30:00,2430.0,2433.666748046875,2430.0,2433.333251953125,27915
2025-05-16 07:45:00,2433.333251953125,2433.333251953125,2431.0,2431.666748046875,23847
2025-05-16 08:00:00,2432.333251953125,2432.833251953125,2427.5,2428.666748046875,25569
2025-05-16 08:15:00,2429.0,2434.0,2429.0,2431.666748046875,37640
2025-05-16 08:30:00,2432.5,2434.666748046875,2430.0,2431.5,70587
2025-05-16 08:45:00,2430.5,2434.0,2426.666748046875,2427.333251953125,32257
2025-05-16 09:00:00,2426.666748046875,2427.333251953125,2419.0,2423.333251953125,51578
2025-05-16 09:15:00,2423.666748046875,2424.0,2420.5,2421.666748046875,28111
2025-05-16 09:30:00,2422.5,2426.666748046875,2420.166748046875,2424.333251953125,54558
2025-05-16 09:45:00,2424.666748046875,2431.666748046875,2423.666748046875,2427.5,116314
2025-05-19 03:45:00,2437.666748046875,2475.0,2429.5,2463.333251953125,172636
2025-05-19 04:00:00,2463.833251953125,2464.5,2427.5,2437.833251953125,183008
2025-05-19 04:15:00,2437.833251953125,2448.0,2432.666748046875,2442.666748046875,70318
2025-05-19 04:30:00,2442.0,2447.5,2440.333251953125,2446.5,32303
2025-05-19 04:45:00,2446.333251953125,2449.0,2440.166748046875,2445.166748046875,40710
2025-05-19 05:00:00,2446.0,2446.333251953125,2437.5,2442.833251953125,23116
2025-05-19 05:15:00,2441.833251953125,2453.0,2440.0,2451.666748046875,36896
2025-05-19 05:30:00,2451.666748046875,2456.666748046875,2450.166748046875,2452.333251953125,46346
2025-05-19 05:45:00,2452.333251953125,2456.0,2450.166748046875,2455.5,24292
2025-05-19 06:00:00,2455.833251953125,2475.0,2453.166748046875,2468.666748046875,133084
2025-05-19 06:15:00,2468.333251953125,2468.5,2457.333251953125,2458.5,42096
2025-05-19 06:30:00,2459.5,2459.5,2452.166748046875,2456.666748046875,31239
2025-05-19 06:45:00,2456.333251953125,2463.0,2453.166748046875,2463.0,30491
2025-05-19 07:00:00,2463.0,2466.333251953125,2456.0,2464.666748046875,65075
2025-05-19 07:15:00,2464.666748046875,2475.0,2462.0,2466.833251953125,118599
2025-05-19 07:30:00,2467.0,2467.5,2460.0,2466.0,46464
2025-05-19 07:45:00,2466.666748046875,2471.666748046875,2462.333251953125,2467.166748046875,33288
2025-05-19 08:00:00,2467.833251953125,2482.666748046875,2467.333251953125,2474.333251953125,187101
2025-05-19 08:15:00,2474.333251953125,2479.166748046875,2470.833251953125,2471.833251953125,55318
2025-05-19 08:30:00,2472.0,2474.666748046875,2467.5,2474.5,62804
2025-05-19 08:45:00,2475.0,2486.666748046875,2473.333251953125,2480.0,141247
2025-05-19 09:00:00,2480.0,2484.666748046875,2478.833251953125,2482.333251953125,59069
2025-05-19 09:15:00,2482.666748046875,2488.0,2475.0,2482.166748046875,115116
2025-05-19 09:30:00,2482.666748046875,2487.666748046875,2478.666748046875,2485.333251953125,130812
2025-05-19 09:45:00,2485.166748046875,2491.666748046875,2483.5,2491.666748046875,202259
2025-05-20 03:45:00,2509.166748046875,2515.666748046875,2478.666748046875,2480.833251953125,255817
2025-05-20 04:00:00,2479.0,2491.333251953125,2471.166748046875,2479.666748046875,208010
2025-05-20 04:15:00,2479.333251953125,2491.0,2476.666748046875,2489.166748046875,132279
2025-05-20 04:30:00,2489.166748046875,2493.0,2482.333251953125,2487.666748046875,132478
2025-05-20 04:45:00,2486.166748046875,2488.333251953125,2477.0,2479.333251953125,70310
2025-05-20 05:00:00,2480.0,2493.0,2479.0,2489.666748046875,61124
2025-05-20 05:15:00,2489.0,2516.333251953125,2488.333251953125,2505.833251953125,268711
2025-05-20 05:30:00,2505.833251953125,2511.833251953125,2502.0,2504.166748046875,72308
2025-05-20 05:45:00,2503.166748046875,2519.166748046875,2500.0,2512.0,136771
2025-05-20 06:00:00,2512.0,2515.0,2507.5,2513.333251953125,62739
2025-05-20 06:15:00,2512.333251953125,2523.0,2512.333251953125,2521.166748046875,128140
2025-05-20 06:30:00,2521.166748046875,2522.666748046875,2517.0,2520.0,86324
2025-05-20 06:45:00,2520.0,2529.333251953125,2520.0,2522.0,174669
2025-05-20 07:00:00,2522.0,2525.0,2517.0,2518.5,60064
2025-05-20 07:15:00,2518.666748046875,2520.0,2496.333251953125,2500.0,189424
2025-05-20 07:30:00,2500.0,2507.333251953125,2494.0,2505.666748046875,119518
2025-05-20 07:45:00,2505.5,2506.666748046875,2500.166748046875,2503.5,47834
2025-05-20 08:00:00,2503.333251953125,2506.0,2495.166748046875,2497.0,53957
2025-05-20 08:15:00,2496.833251953125,2501.666748046875,2495.833251953125,2499.166748046875,34970
2025-05-20 08:30:00,2498.833251953125,2499.166748046875,2485.0,2488.333251953125,105973
2025-05-20 08:45:00,2487.5,2488.333251953125,2477.666748046875,2479.333251953125,93494
2025-05-20 09:00:00,2478.666748046875,2479.333251953125,2460.0,2461.5,164430
2025-05-20 09:15:00,2461.666748046875,2471.833251953125,2456.666748046875,2456.666748046875,113002
2025-05-20 09:30:00,2457.0,2465.166748046875,2454.333251953125,2465.0,118338
2025-05-20 09:45:00,2465.0,2466.666748046875,2460.833251953125,2466.666748046875,134012
2025-05-21 03:45:00,2468.333251953125,2489.666748046875,2461.833251953125,2464.0,254794
2025-05-21 04:00:00,2463.166748046875,2466.666748046875,2451.0,2461.0,202076
2025-05-21 04:15:00,2461.166748046875,2468.666748046875,2455.333251953125,2457.833251953125,103990
2025-05-21 04:30:00,2458.333251953125,2474.5,2457.833251953125,2470.0,99570
2025-05-21 04:45:00,2469.833251953125,2476.333251953125,2468.5,2471.666748046875,92321
2025-05-21 05:00:00,2471.666748046875,2482.666748046875,2471.666748046875,2473.833251953125,83455
2025-05-21 05:15:00,2473.833251953125,2474.666748046875,2463.5,2466.5,51654
2025-05-21 05:30:00,2466.5,2468.666748046875,2456.0,2459.166748046875,76183
2025-05-21 05:45:00,2458.5,2466.333251953125,2455.0,2455.166748046875,52868
2025-05-21 06:00:00,2455.166748046875,2460.333251953125,2442.0,2442.333251953125,126517
2025-05-21 06:15:00,2442.666748046875,2442.666748046875,2426.833251953125,2431.666748046875,142906
2025-05-21 06:30:00,2430.833251953125,2431.166748046875,2406.666748046875,2409.333251953125,175207
2025-05-21 06:45:00,2408.5,2416.666748046875,2401.0,2415.0,161029
2025-05-21 07:00:00,2415.0,2425.833251953125,2414.833251953125,2418.333251953125,105291
2025-05-21 07:15:00,2418.333251953125,2422.333251953125,2415.0,2418.666748046875,43162
2025-05-21 07:30:00,2418.333251953125,2425.0,2416.666748046875,2424.333251953125,32493
2025-05-21 07:45:00,2424.833251953125,2430.0,2421.666748046875,2422.666748046875,67603
2025-05-21 08:00:00,2423.333251953125,2428.333251953125,2415.5,2416.666748046875,57279
2025-05-21 08:15:00,2416.666748046875,2420.166748046875,2413.666748046875,2417.333251953125,42087
2025-05-21 08:30:00,2418.0,2424.5,2410.666748046875,2423.833251953125,55200
2025-05-21 08:45:00,2422.5,2424.833251953125,2418.5,2422.5,42944
2025-05-21 09:00:00,2423.0,2435.666748046875,2421.0,2429.166748046875,137857
2025-05-21 09:15:00,2428.333251953125,2432.166748046875,2426.666748046875,2429.333251953125,49772
2025-05-21 09:30:00,2428.666748046875,2439.5,2428.333251953125,2439.0,141480
2025-05-21 09:45:00,2439.0,2439.666748046875,2430.166748046875,2438.333251953125,158522
2025-05-22 03:45:00,2435.0,2438.833251953125,2408.5,2419.166748046875,159856
2025-05-22 04:00:00,2418.5,2421.333251953125,2403.333251953125,2413.833251953125,134713
2025-05-22 04:15:00,2414.833251953125,2426.333251953125,2410.833251953125,2421.333251953125,77497
2025-05-22 04:30:00,2421.666748046875,2421.666748046875,2397.666748046875,2405.666748046875,107903
2025-05-22 04:45:00,2404.666748046875,2409.333251953125,2340.5,2341.5,338512
2025-05-22 05:00:00,2341.833251953125,2358.0,2299.166748046875,2326.5,786296
2025-05-22 05:15:00,2328.5,2344.666748046875,2325.0,2332.5,246096
2025-05-22 05:30:00,2331.666748046875,2332.0,2302.666748046875,2304.666748046875,351865
2025-05-22 05:45:00,2304.666748046875,2317.666748046875,2300.166748046875,2314.0,262574
2025-05-22 06:00:00,2313.333251953125,2323.333251953125,2304.5,2319.0,165853
2025-05-22 06:15:00,2319.0,2339.333251953125,2315.833251953125,2338.5,226092
2025-05-22 06:30:00,2339.333251953125,2349.666748046875,2330.666748046875,2345.833251953125,199280
2025-05-22 06:45:00,2345.666748046875,2358.833251953125,2338.333251953125,2340.5,213186
2025-05-22 07:00:00,2341.0,2341.666748046875,2327.333251953125,2334.0,130786
2025-05-22 07:15:00,2334.333251953125,2345.0,2333.333251953125,2336.5,95378
2025-05-22 07:30:00,2336.166748046875,2348.333251953125,2334.0,2346.833251953125,89697
2025-05-22 07:45:00,2346.833251953125,2356.5,2343.166748046875,2354.833251953125,119251
2025-05-22 08:00:00,2355.0,2355.0,2342.666748046875,2343.833251953125,102526
2025-05-22 08:15:00,2343.666748046875,2353.0,2343.666748046875,2345.666748046875,72065
2025-05-22 08:30:00,2345.333251953125,2346.0,2334.666748046875,2339.833251953125,123263
2025-05-22 08:45:00,2339.333251953125,2339.666748046875,2328.333251953125,2332.5,133591
2025-05-22 09:00:00,2333.0,2335.333251953125,2319.0,2332.666748046875,176951
2025-05-22 09:15:00,2333.0,2335.0,2326.0,2331.5,119731
2025-05-22 09:30:00,2331.666748046875,2333.333251953125,2325.0,2332.0,168114
2025-05-22 09:45:00,2332.666748046875,2341.666748046875,2326.166748046875,2336.666748046875,288514
2025-05-23 03:45:00,2358.0,2386.0,2335.0,2345.0,757473
2025-05-23 04:00:00,2344.0,2370.0,2342.0,2363.0,845643
2025-05-23 04:15:00,2364.0,2440.0,2351.0,2435.5,1096487
2025-05-23 04:30:00,2436.0,2466.0,2426.5,2448.5,2196353
2025-05-23 04:45:00,2448.0,2486.0,2430.0,2445.5,1653918
2025-05-23 05:00:00,2447.0,2456.5,2408.0,2409.5,1034383
2025-05-23 05:15:00,2409.5,2419.0,2384.5,2401.0,925127
2025-05-23 05:30:00,2402.5,2409.5,2395.5,2405.5,415280
2025-05-23 05:45:00,2405.0,2405.5,2391.0,2401.0,309291
2025-05-23 06:00:00,2401.0,2401.5,2380.0,2385.5,448149
2025-05-23 06:15:00,2385.0,2402.0,2383.5,2400.5,247183
2025-05-23 06:30:00,2400.0,2414.5,2400.0,2414.0,329558
2025-05-23 06:45:00,2414.0,2426.0,2410.0,2421.0,536865
2025-05-23 07:00:00,2420.0,2434.5,2418.0,2433.5,309874
2025-05-23 07:15:00,2433.0,2465.0,2433.0,2457.5,678215
2025-05-23 07:30:00,2458.0,2462.5,2445.0,2445.5,499731
2025-05-23 07:45:00,2445.5,2455.0,2440.0,2447.5,352069
2025-05-23 08:00:00,2448.5,2451.5,2436.5,2443.5,279642
2025-05-23 08:15:00,2444.0,2459.5,2444.0,2454.5,344139
2025-05-23 08:30:00,2455.0,2467.5,2452.5,2458.0,393511
2025-05-23 08:45:00,2457.5,2458.5,2446.5,2453.0,283898
2025-05-23 09:00:00,2453.5,2466.5,2452.0,2460.5,341410
2025-05-23 09:15:00,2460.5,2462.0,2451.0,2461.5,290803
2025-05-23 09:30:00,2462.0,2463.0,2440.5,2442.0,400235
2025-05-23 09:45:00,2442.0,2450.0,2440.0,2449.0,470812
2025-05-26 03:45:00,2507.0,2523.5,2472.5,2522.0,1132414
2025-05-26 04:00:00,2521.5,2524.0,2500.0,2518.5,1163951
2025-05-26 04:15:00,2518.5,2521.0,2493.5,2503.0,737336
2025-05-26 04:30:00,2502.5,2512.5,2488.0,2493.5,385300
2025-05-26 04:45:00,2495.0,2496.0,2483.0,2489.0,328283
2025-05-26 05:00:00,2489.0,2489.0,2474.0,2481.5,424068
2025-05-26 05:15:00,2481.5,2494.0,2476.0,2490.0,225873
2025-05-26 05:30:00,2489.5,2490.5,2483.5,2486.0,103204
2025-05-26 05:45:00,2486.5,2488.0,2480.0,2480.5,127106
2025-05-26 06:00:00,2480.0,2481.0,2467.5,2469.5,331767
2025-05-26 06:15:00,2469.5,2474.0,2460.0,2470.0,297391
2025-05-26 06:30:00,2469.5,2479.5,2469.5,2473.5,205037
2025-05-26 06:45:00,2474.5,2484.5,2470.0,2472.0,189697
2025-05-26 07:00:00,2472.0,2474.0,2465.0,2465.0,150329
2025-05-26 07:15:00,2465.5,2472.0,2463.0,2464.0,141756
2025-05-26 07:30:00,2464.0,2468.5,2463.0,2466.0,89598
2025-05-26 07:45:00,2465.5,2466.0,2455.0,2457.5,159846
2025-05-26 08:00:00,2458.0,2465.5,2456.5,2463.0,111060
2025-05-26 08:15:00,2463.0,2466.5,2452.5,2456.0,147410
2025-05-26 08:30:00,2456.0,2460.0,2453.0,2456.0,110119
2025-05-26 08:45:00,2456.0,2456.5,2442.0,2447.5,322611
2025-05-26 09:00:00,2447.0,2450.0,2435.5,2450.0,299841
2025-05-26 09:15:00,2450.0,2450.0,2442.0,2444.0,203076
2025-05-26 09:30:00,2443.0,2457.5,2443.0,2452.5,398519
2025-05-26 09:45:00,2452.5,2453.0,2445.0,2452.0,587473
2025-05-27 03:45:00,2436.5,2441.0,2397.0,2424.5,588795
2025-05-27 04:00:00,2423.0,2426.5,2405.5,2424.0,613569
2025-05-27 04:15:00,2424.5,2443.0,2422.0,2428.0,485316
2025-05-27 04:30:00,2429.0,2436.0,2415.5,2418.0,293831
2025-05-27 04:45:00,2418.0,2422.5,2411.5,2421.5,234018
2025-05-27 05:00:00,2421.5,2422.0,2409.0,2409.0,171909
2025-05-27 05:15:00,2409.0,2416.5,2407.5,2414.0,146986
2025-05-27 05:30:00,2414.0,2427.0,2413.5,2421.0,255005
2025-05-27 05:45:00,2420.5,2434.0,2420.0,2431.5,225488
2025-05-27 06:00:00,2431.5,2438.0,2418.0,2422.5,229898
2025-05-27 06:15:00,2422.5,2424.0,2415.5,2419.0,99601
2025-05-27 06:30:00,2419.0,2419.5,2415.5,2415.5,80186
2025-05-27 06:45:00,2416.0,2419.5,2415.0,2416.5,106716
2025-05-27 07:00:00,2416.5,2419.5,2411.5,2414.0,117636
2025-05-27 07:15:00,2414.0,2414.5,2411.0,2412.0,72604
2025-05-27 07:30:00,2412.5,2412.5,2401.5,2403.0,219292
2025-05-27 07:45:00,2403.5,2407.5,2402.0,2405.0,113825
2025-05-27 08:00:00,2404.0,2410.5,2400.0,2408.5,295238
2025-05-27 08:15:00,2408.5,2411.5,2403.0,2404.5,175577
2025-05-27 08:30:00,2404.5,2408.0,2403.0,2405.0,96526
2025-05-27 08:45:00,2405.5,2407.5,2401.5,2403.5,124482
2025-05-27 09:00:00,2403.0,2405.0,2401.0,2401.5,123751
2025-05-27 09:15:00,2402.0,2404.0,2401.0,2402.0,134245
2025-05-27 09:30:00,2402.5,2407.5,2402.5,2405.0,260846
2025-05-27 09:45:00,2405.0,2410.0,2400.5,2404.0,478699
2025-05-28 03:45:00,2424.0,2438.0,2405.5,2418.5,537383
2025-05-28 04:00:00,2419.0,2420.0,2407.0,2410.0,391532
2025-05-28 04:15:00,2412.0,2412.5,2390.5,2396.5,501756
2025-05-28 04:30:00,2394.0,2399.5,2386.0,2391.0,240280
2025-05-28 04:45:00,2391.0,2396.5,2387.0,2388.0,226467
2025-05-28 05:00:00,2388.0,2405.0,2388.0,2403.5,197517
2025-05-28 05:15:00,2404.0,2414.5,2401.5,2413.0,295630
2025-05-28 05:30:00,2413.5,2418.5,2408.5,2414.0,219039
2025-05-28 05:45:00,2415.0,2416.0,2411.5,2414.0,120957
2025-05-28 06:00:00,2413.0,2425.0,2408.0,2418.5,202895
2025-05-28 06:15:00,2417.5,2427.5,2417.0,2423.0,165187
2025-05-28 06:30:00,2424.0,2424.5,2414.5,2419.0,103845
2025-05-28 06:45:00,2419.5,2423.0,2417.5,2419.5,78221
2025-05-28 07:00:00,2419.5,2419.5,2413.0,2416.5,89021
2025-05-28 07:15:00,2416.5,2425.0,2415.0,2422.0,131024
2025-05-28 07:30:00,2421.5,2424.0,2415.0,2418.0,101677
2025-05-28 07:45:00,2417.5,2419.0,2414.5,2415.5,62180
2025-05-28 08:00:00,2416.5,2420.0,2410.0,2410.5,88078
2025-05-28 08:15:00,2410.5,2414.5,2409.0,2412.0,73325
2025-05-28 08:30:00,2411.5,2417.5,2410.0,2415.5,52018
2025-05-28 08:45:00,2415.5,2421.0,2411.5,2413.0,88139
2025-05-28 09:00:00,2413.5,2416.5,2407.5,2409.5,128908
2025-05-28 09:15:00,2408.5,2409.5,2401.0,2401.5,151008
2025-05-28 09:30:00,2401.5,2409.0,2400.0,2406.0,176195
2025-05-28 09:45:00,2406.0,2407.0,2402.0,2404.0,252109
